ObservationDate,Country_Region,Province_State,Confirmed,Deaths,Recovered,Active
2020-02-07,Diamond Princess,NA,61,0,0,61
2020-02-07,Diamond Princess,NA,61,0,0,61
2020-02-09,Diamond Princess,NA,64,0,0,64
2020-02-10,Diamond Princess,NA,135,0,0,135
2020-02-10,Diamond Princess,NA,135,0,0,135
2020-02-12,Diamond Princess,NA,175,0,0,175
2020-02-12,Diamond Princess,NA,175,0,0,175
2020-02-14,Diamond Princess,NA,218,0,0,218
2020-02-15,Diamond Princess,NA,285,0,0,285
2020-02-16,Diamond Princess,NA,355,0,0,355
2020-02-17,Diamond Princess,NA,454,0,0,454
2020-02-18,Diamond Princess,NA,542,0,0,542
2020-02-19,Diamond Princess,NA,621,0,1,620
2020-02-20,Diamond Princess,NA,634,2,1,631
2020-02-20,Diamond Princess,NA,634,2,1,631
2020-02-20,Diamond Princess,NA,634,2,1,631
2020-02-23,Diamond Princess,NA,691,3,0,688
2020-02-23,Diamond Princess,NA,691,3,0,688
2020-02-23,Diamond Princess,NA,691,3,0,688
2020-02-26,Diamond Princess,NA,705,4,10,691
2020-02-26,Diamond Princess,NA,705,4,10,691
2020-02-28,Diamond Princess,NA,705,6,10,689
2020-02-28,North Ireland,NA,1,0,0,1
2020-02-29,Diamond Princess,NA,705,6,10,689
2020-02-29,Diamond Princess,NA,705,6,10,689
2020-03-02,Diamond Princess,NA,705,6,10,689
2020-03-03,Diamond Princess,NA,706,6,10,690
2020-03-03,Diamond Princess,NA,706,6,10,690
2020-03-03,Diamond Princess,NA,706,6,10,690
2020-03-06,Diamond Princess,NA,696,6,40,650
2020-03-06,Diamond Princess,NA,696,6,40,650
2020-03-06,Diamond Princess,NA,696,6,40,650
2020-03-06,Diamond Princess,NA,696,6,40,650
2020-03-06,Diamond Princess,NA,696,6,40,650
2020-03-09,Saint Martin,NA,2,0,0,2
2020-03-10,Saint Martin,NA,2,0,0,2
2020-03-11,Diamond Princess,NA,696,7,325,364
2020-03-11,Diamond Princess,NA,696,7,325,364
2020-03-11,Diamond Princess,NA,696,7,325,364
2020-03-13,Diamond Princess,NA,696,7,325,364
2020-03-13,Diamond Princess,NA,696,7,325,364
2020-03-13,Diamond Princess,NA,696,7,325,364
2020-03-13,Diamond Princess,NA,696,7,325,364
2020-03-15,Kosovo,NA,2,0,0,2
2020-03-15,Kosovo,NA,2,0,0,2
2020-03-15,Kosovo,NA,2,0,0,2
2020-03-15,Kosovo,NA,2,0,0,2
2020-03-15,Kosovo,NA,2,0,0,2
2020-03-15,Kosovo,NA,2,0,0,2
2020-03-15,Kosovo,NA,2,0,0,2
2020-03-18,Diamond Princess,NA,712,7,325,380
2020-03-18,Diamond Princess,NA,712,7,325,380
2020-03-18,Diamond Princess,NA,712,7,325,380
2020-03-21,Diamond Princess,NA,712,8,325,379
2020-03-22,Diamond Princess,NA,712,8,567,137
2020-03-23,Diamond Princess,NA,712,8,567,137
2020-03-25,Diamond Princess,NA,712,10,587,115
2020-03-26,Diamond Princess,NA,712,10,597,105
2020-03-26,Kosovo,NA,71,1,0,70
2020-03-27,Diamond Princess,NA,712,10,597,105
2020-03-27,Kosovo,NA,86,1,1,84
2020-03-28,Diamond Princess,NA,712,10,597,105
2020-03-28,Kosovo,NA,91,1,1,89
2020-03-28,MS Zaandam,NA,2,0,0,2
2020-03-29,Diamond Princess,NA,712,10,603,99
2020-03-29,Kosovo,NA,94,1,1,92
2020-03-29,MS Zaandam,NA,2,0,0,2
2020-03-30,Diamond Princess,NA,712,10,603,99
2020-03-30,Kosovo,NA,94,1,1,92
2020-03-30,MS Zaandam,NA,2,0,0,2
2020-03-31,Diamond Princess,NA,712,10,603,99
2020-03-31,Kosovo,NA,112,1,6,105
2020-03-31,MS Zaandam,NA,2,0,0,2
2020-04-01,Diamond Princess,NA,712,11,603,98
2020-04-01,Kosovo,NA,125,1,10,114
2020-04-01,MS Zaandam,NA,9,2,0,7
2020-04-02,Diamond Princess,NA,712,11,619,82
2020-04-02,Kosovo,NA,125,1,10,114
2020-04-02,MS Zaandam,NA,9,2,0,7
2020-04-03,Diamond Princess,NA,712,11,619,82
2020-04-03,Kosovo,NA,126,1,10,115
2020-04-03,MS Zaandam,NA,9,2,0,7
2020-04-04,Diamond Princess,NA,712,11,619,82
2020-04-04,Kosovo,NA,135,1,16,118
2020-04-04,MS Zaandam,NA,9,2,0,7
2020-04-05,Diamond Princess,NA,712,11,619,82
2020-04-05,Kosovo,NA,145,1,23,121
2020-04-05,MS Zaandam,NA,9,2,0,7
2020-04-06,Diamond Princess,NA,712,11,619,82
2020-04-06,Kosovo,NA,145,1,23,121
2020-04-06,MS Zaandam,NA,9,2,0,7
2020-04-07,Diamond Princess,NA,712,11,619,82
2020-04-07,Kosovo,NA,170,4,24,142
2020-04-07,MS Zaandam,NA,9,2,0,7
2020-04-08,Diamond Princess,NA,712,11,619,82
2020-04-08,Kosovo,NA,184,5,30,149
2020-04-08,MS Zaandam,NA,9,2,0,7
2020-04-09,Diamond Princess,NA,712,11,619,82
2020-04-09,Kosovo,NA,184,5,30,149
2020-04-09,MS Zaandam,NA,9,2,0,7
2020-04-10,Diamond Princess,NA,712,11,619,82
2020-04-10,Kosovo,NA,250,7,52,191
2020-04-10,MS Zaandam,NA,9,2,0,7
2020-04-11,Diamond Princess,NA,712,11,619,82
2020-04-11,Kosovo,NA,283,7,58,218
2020-04-11,MS Zaandam,NA,9,2,0,7
2020-04-12,Diamond Princess,NA,712,11,619,82
2020-04-12,Kosovo,NA,283,7,58,218
2020-04-12,MS Zaandam,NA,9,2,0,7
2020-04-13,Diamond Princess,NA,712,11,619,82
2020-04-13,Kosovo,NA,283,7,58,218
2020-04-13,MS Zaandam,NA,9,2,0,7
2020-04-14,Diamond Princess,NA,712,12,639,61
2020-04-14,Kosovo,NA,387,8,66,313
2020-04-14,MS Zaandam,NA,9,2,0,7
2020-04-15,Diamond Princess,NA,712,12,639,61
2020-04-15,Kosovo,NA,387,8,66,313
2020-04-15,MS Zaandam,NA,9,2,0,7
2020-04-16,Diamond Princess,NA,712,12,644,56
2020-04-16,Kosovo,NA,449,11,79,359
2020-04-16,MS Zaandam,NA,9,2,0,7
2020-04-17,Diamond Princess,NA,712,13,644,55
2020-04-17,Kosovo,NA,480,12,84,384
2020-04-17,MS Zaandam,NA,9,2,0,7
2020-04-18,Diamond Princess,NA,712,13,644,55
2020-04-18,Kosovo,NA,510,12,93,405
2020-04-18,MS Zaandam,NA,9,2,0,7
2020-04-19,Diamond Princess,NA,712,13,644,55
2020-04-19,Kosovo,NA,510,12,93,405
2020-04-19,MS Zaandam,NA,9,2,0,7
2020-04-20,Diamond Princess,NA,712,13,644,55
2020-04-20,Kosovo,NA,510,12,93,405
2020-04-20,MS Zaandam,NA,9,2,0,7
2020-04-21,Diamond Princess,NA,712,13,644,55
2020-04-21,Kosovo,NA,510,12,93,405
2020-04-21,MS Zaandam,NA,9,2,0,7
2020-04-22,Diamond Princess,NA,712,13,644,55
2020-04-22,Kosovo,NA,510,12,93,405
2020-04-22,MS Zaandam,NA,9,2,0,7
2020-04-23,Diamond Princess,NA,712,13,645,54
2020-04-23,Kosovo,NA,510,12,93,405
2020-04-23,MS Zaandam,NA,9,2,0,7
2020-04-24,Diamond Princess,NA,712,13,645,54
2020-04-24,Kosovo,NA,510,12,93,405
2020-04-24,MS Zaandam,NA,9,2,0,7
2020-04-25,Diamond Princess,NA,712,13,645,54
2020-04-25,Kosovo,NA,510,12,93,405
2020-04-25,MS Zaandam,NA,9,2,0,7
2020-04-26,Diamond Princess,NA,712,13,645,54
2020-04-26,Kosovo,NA,510,12,93,405
2020-04-26,MS Zaandam,NA,9,2,0,7
2020-04-27,Diamond Princess,NA,712,13,645,54
2020-04-27,Kosovo,NA,510,12,93,405
2020-04-27,MS Zaandam,NA,9,2,0,7
2020-04-28,Diamond Princess,NA,712,13,645,54
2020-04-28,Kosovo,NA,510,12,93,405
2020-04-28,MS Zaandam,NA,9,2,0,7
2020-04-29,Diamond Princess,NA,712,13,645,54
2020-04-29,Kosovo,NA,510,12,93,405
2020-04-29,MS Zaandam,NA,9,2,0,7
2020-04-30,Diamond Princess,NA,712,13,645,54
2020-04-30,Kosovo,NA,799,22,249,528
2020-04-30,MS Zaandam,NA,9,2,0,7
2020-05-01,Diamond Princess,NA,712,13,645,54
2020-05-01,Kosovo,NA,806,22,271,513
2020-05-01,MS Zaandam,NA,9,2,0,7
2020-05-02,Diamond Princess,NA,712,13,645,54
2020-05-02,Kosovo,NA,823,22,336,465
2020-05-02,MS Zaandam,NA,9,2,0,7
2020-05-03,Diamond Princess,NA,712,13,645,54
2020-05-03,Kosovo,NA,851,22,381,448
2020-05-03,MS Zaandam,NA,9,2,0,7
2020-05-04,Diamond Princess,NA,712,13,645,54
2020-05-04,Kosovo,NA,855,26,403,426
2020-05-04,MS Zaandam,NA,9,2,0,7
2020-05-05,Diamond Princess,NA,712,13,645,54
2020-05-05,Kosovo,NA,856,26,490,340
2020-05-05,MS Zaandam,NA,9,2,0,7
2020-05-06,Diamond Princess,NA,712,13,645,54
2020-05-06,Kosovo,NA,856,26,490,340
2020-05-06,MS Zaandam,NA,9,2,0,7
2020-05-07,Diamond Princess,NA,712,13,645,54
2020-05-07,Kosovo,NA,861,27,562,272
2020-05-07,MS Zaandam,NA,9,2,0,7
2020-05-08,Diamond Princess,NA,712,13,645,54
2020-05-08,Kosovo,NA,861,27,562,272
2020-05-08,MS Zaandam,NA,9,2,0,7
2020-05-09,Diamond Princess,NA,712,13,645,54
2020-05-09,Kosovo,NA,862,28,622,212
2020-05-09,MS Zaandam,NA,9,2,0,7
2020-05-10,Diamond Princess,NA,712,13,651,48
2020-05-10,Kosovo,NA,870,28,653,189
2020-05-10,MS Zaandam,NA,9,2,0,7
2020-05-11,Diamond Princess,NA,712,13,651,48
2020-05-11,Kosovo,NA,884,28,655,201
2020-05-11,MS Zaandam,NA,9,2,0,7
2020-05-12,Diamond Princess,NA,712,13,651,48
2020-05-12,Kosovo,NA,919,29,671,219
2020-05-12,MS Zaandam,NA,9,2,0,7
2020-05-13,Diamond Princess,NA,712,13,651,48
2020-05-13,Kosovo,NA,919,29,671,219
2020-05-13,MS Zaandam,NA,9,2,0,7
2020-05-14,Diamond Princess,NA,712,13,651,48
2020-05-14,Kosovo,NA,944,29,690,225
2020-05-14,MS Zaandam,NA,9,2,0,7
2020-05-15,Diamond Princess,NA,712,13,651,48
2020-05-15,Kosovo,NA,944,29,690,225
2020-05-15,MS Zaandam,NA,9,2,0,7
2020-05-16,Diamond Princess,NA,712,13,651,48
2020-05-16,Kosovo,NA,944,29,690,225
2020-05-16,MS Zaandam,NA,9,2,0,7
2020-05-17,Diamond Princess,NA,712,13,651,48
2020-05-17,Kosovo,NA,955,29,691,235
2020-05-17,MS Zaandam,NA,9,2,0,7
2020-05-18,Diamond Princess,NA,712,13,651,48
2020-05-18,Kosovo,NA,955,29,691,235
2020-05-18,MS Zaandam,NA,9,2,0,7
2020-05-19,Diamond Princess,NA,712,13,651,48
2020-05-19,Kosovo,NA,989,29,769,191
2020-05-19,MS Zaandam,NA,9,2,0,7
2020-05-20,Diamond Princess,NA,712,13,651,48
2020-05-20,Kosovo,NA,989,29,769,191
2020-05-20,MS Zaandam,NA,9,2,0,7
2020-05-21,Diamond Princess,NA,712,13,651,48
2020-05-21,Kosovo,NA,1003,29,772,202
2020-05-21,MS Zaandam,NA,9,2,0,7
2020-05-22,Diamond Princess,NA,712,13,651,48
2020-05-22,Kosovo,NA,1004,29,772,203
2020-05-22,MS Zaandam,NA,9,2,0,7
2020-05-23,Diamond Princess,NA,712,13,651,48
2020-05-23,Kosovo,NA,1025,29,782,214
2020-05-23,MS Zaandam,NA,9,2,0,7
2020-05-24,Diamond Princess,NA,712,13,651,48
2020-05-24,Kosovo,NA,1032,29,785,218
2020-05-24,MS Zaandam,NA,9,2,0,7
2020-05-25,Diamond Princess,NA,712,13,651,48
2020-05-25,Kosovo,NA,1038,30,791,217
2020-05-25,MS Zaandam,NA,9,2,0,7
2020-05-26,Diamond Princess,NA,712,13,651,48
2020-05-26,Kosovo,NA,1038,30,791,217
2020-05-26,MS Zaandam,NA,9,2,0,7
2020-05-27,Diamond Princess,NA,712,13,651,48
2020-05-27,Kosovo,NA,1047,30,794,223
2020-05-27,MS Zaandam,NA,9,2,0,7
2020-05-28,Diamond Princess,NA,712,13,651,48
2020-05-28,Kosovo,NA,1048,30,801,217
2020-05-28,MS Zaandam,NA,9,2,0,7
2020-05-29,Diamond Princess,NA,712,13,651,48
2020-05-29,Kosovo,NA,1048,30,801,217
2020-05-29,MS Zaandam,NA,9,2,0,7
2020-05-30,Diamond Princess,NA,712,13,651,48
2020-05-30,Kosovo,NA,1064,30,829,205
2020-05-30,MS Zaandam,NA,9,2,0,7
2020-05-31,Diamond Princess,NA,712,13,651,48
2020-05-31,Kosovo,NA,1064,30,829,205
2020-05-31,MS Zaandam,NA,9,2,0,7
2020-06-01,Diamond Princess,NA,712,13,651,48
2020-06-01,Kosovo,NA,1064,30,829,205
2020-06-01,MS Zaandam,NA,9,2,0,7
2020-06-02,Diamond Princess,NA,712,13,651,48
2020-06-02,Kosovo,NA,1064,30,829,205
2020-06-02,MS Zaandam,NA,9,2,0,7
2020-06-03,Diamond Princess,NA,712,13,651,48
2020-06-03,Kosovo,NA,1142,30,871,241
2020-06-03,MS Zaandam,NA,9,2,0,7
2020-06-04,Diamond Princess,NA,712,13,651,48
2020-06-04,Kosovo,NA,1142,30,871,241
2020-06-04,MS Zaandam,NA,9,2,0,7
2020-06-05,Diamond Princess,NA,712,13,651,48
2020-06-05,Kosovo,NA,1142,30,871,241
2020-06-05,MS Zaandam,NA,9,2,0,7
2020-06-06,Diamond Princess,NA,712,13,651,48
2020-06-06,Kosovo,NA,1142,30,871,241
2020-06-06,MS Zaandam,NA,9,2,0,7
2020-06-07,Diamond Princess,NA,712,13,651,48
2020-06-07,Kosovo,NA,1142,30,871,241
2020-06-07,MS Zaandam,NA,9,2,0,7
2020-06-08,Diamond Princess,NA,712,13,651,48
2020-06-08,Kosovo,NA,1263,31,912,320
2020-06-08,MS Zaandam,NA,9,2,0,7
2020-06-09,Diamond Princess,NA,712,13,651,48
2020-06-09,Kosovo,NA,1263,31,912,320
2020-06-09,MS Zaandam,NA,9,2,0,7
2020-06-10,Diamond Princess,NA,712,13,651,48
2020-06-10,Kosovo,NA,1298,31,913,354
2020-06-10,MS Zaandam,NA,9,2,0,7
2020-06-11,Diamond Princess,NA,712,13,651,48
2020-06-11,Kosovo,NA,1326,31,921,374
2020-06-11,MS Zaandam,NA,9,2,0,7
2020-06-12,Diamond Princess,NA,712,13,651,48
2020-06-12,Kosovo,NA,1326,31,921,374
2020-06-12,MS Zaandam,NA,9,2,0,7
2020-06-13,Diamond Princess,NA,712,13,651,48
2020-06-13,Kosovo,NA,1437,32,928,477
2020-06-13,MS Zaandam,NA,9,2,0,7
2020-06-14,Diamond Princess,NA,712,13,651,48
2020-06-14,Kosovo,NA,1437,32,928,477
2020-06-14,MS Zaandam,NA,9,2,0,7
2020-06-15,Diamond Princess,NA,712,13,651,48
2020-06-15,Kosovo,NA,1486,33,953,500
2020-06-15,MS Zaandam,NA,9,2,0,7
2020-06-16,Diamond Princess,NA,712,13,651,48
2020-06-16,Kosovo,NA,1486,33,953,500
2020-06-16,MS Zaandam,NA,9,2,0,7
2020-06-17,Diamond Princess,NA,712,13,651,48
2020-06-17,Kosovo,NA,1486,33,953,500
2020-06-17,MS Zaandam,NA,9,2,0,7
2020-06-18,Diamond Princess,NA,712,13,651,48
2020-06-18,Kosovo,NA,1486,33,953,500
2020-06-18,MS Zaandam,NA,9,2,0,7
2020-06-19,Diamond Princess,NA,712,13,651,48
2020-06-19,Kosovo,NA,1486,33,953,500
2020-06-19,MS Zaandam,NA,9,2,0,7
2020-06-20,Diamond Princess,NA,712,13,651,48
2020-06-20,Kosovo,NA,1486,33,953,500
2020-06-20,MS Zaandam,NA,9,2,0,7
2020-06-21,Diamond Princess,NA,712,13,651,48
2020-06-21,Kosovo,NA,1486,33,953,500
2020-06-21,MS Zaandam,NA,9,2,0,7
2020-06-22,Diamond Princess,NA,712,13,651,48
2020-06-22,Kosovo,NA,2169,37,1047,1085
2020-06-22,MS Zaandam,NA,9,2,0,7
2020-06-23,Diamond Princess,NA,712,13,651,48
2020-06-23,Kosovo,NA,2169,37,1047,1085
2020-06-23,MS Zaandam,NA,9,2,0,7
2020-06-24,Diamond Princess,NA,712,13,651,48
2020-06-24,Kosovo,NA,2169,37,1047,1085
2020-06-24,MS Zaandam,NA,9,2,0,7
2020-06-25,Diamond Princess,NA,712,13,651,48
2020-06-25,Kosovo,NA,2169,37,1047,1085
2020-06-25,MS Zaandam,NA,9,2,0,7
2020-06-26,Diamond Princess,NA,712,13,651,48
2020-06-26,Kosovo,NA,2169,37,1047,1085
2020-06-26,MS Zaandam,NA,9,2,0,7
2020-06-27,Diamond Princess,NA,712,13,651,48
2020-06-27,Kosovo,NA,2169,37,1047,1085
2020-06-27,MS Zaandam,NA,9,2,0,7
2020-06-28,Diamond Princess,NA,712,13,651,48
2020-06-28,Kosovo,NA,2169,37,1047,1085
2020-06-28,MS Zaandam,NA,9,2,0,7
2020-06-29,Diamond Princess,NA,712,13,651,48
2020-06-29,Kosovo,NA,2677,49,1425,1203
2020-06-29,MS Zaandam,NA,9,2,0,7
2020-06-30,Diamond Princess,NA,712,13,651,48
2020-06-30,Kosovo,NA,2878,51,1577,1250
2020-06-30,MS Zaandam,NA,9,2,0,7
2020-07-01,Diamond Princess,NA,712,13,651,48
2020-07-01,Kosovo,NA,2991,54,1644,1293
2020-07-01,MS Zaandam,NA,9,2,0,7
2020-07-02,Diamond Princess,NA,712,13,651,48
2020-07-02,Kosovo,NA,3064,55,1707,1302
2020-07-02,MS Zaandam,NA,9,2,0,7
2020-07-03,Diamond Princess,NA,712,13,651,48
2020-07-03,Kosovo,NA,3064,55,1707,1302
2020-07-03,MS Zaandam,NA,9,2,0,7
2020-07-04,Diamond Princess,NA,712,13,651,48
2020-07-04,Kosovo,NA,3064,55,1707,1302
2020-07-04,MS Zaandam,NA,9,2,0,7
2020-07-05,Diamond Princess,NA,712,13,651,48
2020-07-05,Kosovo,NA,3356,66,1874,1416
2020-07-05,MS Zaandam,NA,9,2,0,7
2020-07-06,Diamond Princess,NA,712,13,651,48
2020-07-06,Kosovo,NA,3508,75,1902,1531
2020-07-06,MS Zaandam,NA,9,2,0,7
2020-07-07,Diamond Princess,NA,712,13,651,48
2020-07-07,Kosovo,NA,3703,79,1946,1678
2020-07-07,MS Zaandam,NA,9,2,0,7
2020-07-08,Diamond Princess,NA,712,13,651,48
2020-07-08,Kosovo,NA,3886,82,2003,1801
2020-07-08,MS Zaandam,NA,9,2,0,7
2020-07-09,Diamond Princess,NA,712,13,651,48
2020-07-09,Kosovo,NA,4100,86,2063,1951
2020-07-09,MS Zaandam,NA,9,2,0,7
2020-07-10,Diamond Princess,NA,712,13,651,48
2020-07-10,Kosovo,NA,4307,94,2095,2118
2020-07-10,MS Zaandam,NA,9,2,0,7
2020-07-11,Diamond Princess,NA,712,13,651,48
2020-07-11,Kosovo,NA,4715,101,2227,2387
2020-07-11,MS Zaandam,NA,9,2,0,7
2020-07-12,Diamond Princess,NA,712,13,651,48
2020-07-12,Kosovo,NA,4931,102,2267,2562
2020-07-12,MS Zaandam,NA,9,2,0,7
2020-07-13,Diamond Princess,NA,712,13,651,48
2020-07-13,Kosovo,NA,5118,108,2370,2640
2020-07-13,MS Zaandam,NA,9,2,0,7
2020-07-14,Diamond Princess,NA,712,13,651,48
2020-07-14,Kosovo,NA,5118,108,2370,2640
2020-07-14,MS Zaandam,NA,9,2,0,7
2020-07-15,Diamond Princess,NA,712,13,651,48
2020-07-15,Kosovo,NA,5237,112,2462,2663
2020-07-15,MS Zaandam,NA,9,2,0,7
2020-07-16,Diamond Princess,NA,712,13,651,48
2020-07-16,Kosovo,NA,5237,112,2462,2663
2020-07-16,MS Zaandam,NA,9,2,0,7
2020-07-17,Diamond Princess,NA,712,13,651,48
2020-07-17,Kosovo,NA,5472,124,2640,2708
2020-07-17,MS Zaandam,NA,9,2,0,7
2020-07-18,Diamond Princess,NA,712,13,651,48
2020-07-18,Kosovo,NA,5617,130,2811,2676
2020-07-18,MS Zaandam,NA,9,2,0,7
2020-07-19,Diamond Princess,NA,712,13,651,48
2020-07-19,Kosovo,NA,5735,135,2968,2632
2020-07-19,MS Zaandam,NA,9,2,0,7
2020-07-20,Diamond Princess,NA,712,13,651,48
2020-07-20,Kosovo,NA,5877,139,3069,2669
2020-07-20,MS Zaandam,NA,9,2,0,7
2020-07-21,Diamond Princess,NA,712,13,651,48
2020-07-21,Kosovo,NA,5877,139,3069,2669
2020-07-21,MS Zaandam,NA,9,2,0,7
2020-07-22,Diamond Princess,NA,712,13,651,48
2020-07-22,Kosovo,NA,6286,150,3369,2767
2020-07-22,MS Zaandam,NA,9,2,0,7
2020-07-23,Diamond Princess,NA,712,13,651,48
2020-07-23,Kosovo,NA,6467,158,3505,2804
2020-07-23,MS Zaandam,NA,9,2,0,7
2020-07-24,Diamond Princess,NA,712,13,651,48
2020-07-24,Kosovo,NA,6680,164,3614,2902
2020-07-24,MS Zaandam,NA,9,2,0,7
2020-07-25,Diamond Princess,NA,712,13,651,48
2020-07-25,Kosovo,NA,6917,169,3753,2995
2020-07-25,MS Zaandam,NA,9,2,0,7
2020-07-26,Diamond Princess,NA,712,13,651,48
2020-07-26,Kosovo,NA,6917,169,3753,2995
2020-07-26,MS Zaandam,NA,9,2,0,7
2020-07-27,Diamond Princess,NA,712,13,651,48
2020-07-27,Kosovo,NA,7413,185,4027,3201
2020-07-27,MS Zaandam,NA,9,2,0,7
2020-07-28,Diamond Princess,NA,712,13,651,48
2020-07-28,Kosovo,NA,7652,192,4129,3331
2020-07-28,MS Zaandam,NA,9,2,0,7
2020-07-29,Diamond Princess,NA,712,13,651,48
2020-07-29,Kosovo,NA,7846,196,4267,3383
2020-07-29,MS Zaandam,NA,9,2,0,7
2020-07-30,Diamond Princess,NA,712,13,651,48
2020-07-30,Kosovo,NA,8104,212,4463,3429
2020-07-30,MS Zaandam,NA,9,2,0,7
2020-07-31,Diamond Princess,NA,712,13,651,48
2020-07-31,Kosovo,NA,8104,212,4463,3429
2020-07-31,MS Zaandam,NA,9,2,0,7
2020-08-01,Diamond Princess,NA,712,13,651,48
2020-08-01,Kosovo,NA,8104,212,4463,3429
2020-08-01,MS Zaandam,NA,9,2,0,7
2020-08-02,Diamond Princess,NA,712,13,651,48
2020-08-02,Kosovo,NA,8799,249,4863,3687
2020-08-02,MS Zaandam,NA,9,2,0,7
2020-08-03,Diamond Princess,NA,712,13,651,48
2020-08-03,Kosovo,NA,9049,256,4989,3804
2020-08-03,MS Zaandam,NA,9,2,0,7
2020-08-04,Diamond Princess,NA,712,13,651,48
2020-08-04,Kosovo,NA,9274,296,5190,3788
2020-08-04,MS Zaandam,NA,9,2,0,7
2020-08-05,Diamond Princess,NA,712,13,651,48
2020-08-05,Kosovo,NA,9274,296,5190,3788
2020-08-05,MS Zaandam,NA,9,2,0,7
2020-08-06,Diamond Princess,NA,712,13,651,48
2020-08-06,Kosovo,NA,9688,300,5480,3908
2020-08-06,MS Zaandam,NA,9,2,0,7
2020-08-07,Diamond Princess,NA,712,13,651,48
2020-08-07,Kosovo,NA,9869,303,5480,4086
2020-08-07,MS Zaandam,NA,9,2,0,7
2020-08-08,Diamond Princess,NA,712,13,651,48
2020-08-08,Kosovo,NA,9869,303,5480,4086
2020-08-08,MS Zaandam,NA,9,2,0,7
2020-08-09,Diamond Princess,NA,712,13,651,48
2020-08-09,Kosovo,NA,9869,303,5480,4086
2020-08-09,MS Zaandam,NA,9,2,0,7
2020-08-10,Diamond Princess,NA,712,13,651,48
2020-08-10,Kosovo,NA,10419,341,6058,4020
2020-08-10,MS Zaandam,NA,9,2,0,7
2020-08-11,Diamond Princess,NA,712,13,651,48
2020-08-11,Kosovo,NA,10419,341,6058,4020
2020-08-11,MS Zaandam,NA,9,2,0,7
2020-08-12,Diamond Princess,NA,712,13,651,48
2020-08-12,Kosovo,NA,10419,341,6058,4020
2020-08-12,MS Zaandam,NA,9,2,0,7
2020-08-13,Diamond Princess,NA,712,13,651,48
2020-08-13,Kosovo,NA,10795,365,6411,4019
2020-08-13,MS Zaandam,NA,9,2,0,7
2020-08-14,Diamond Princess,NA,712,13,651,48
2020-08-14,Kosovo,NA,11130,381,6817,3932
2020-08-14,MS Zaandam,NA,9,2,0,7
2020-08-15,Diamond Princess,NA,712,13,651,48
2020-08-15,Kosovo,NA,11275,390,6961,3924
2020-08-15,MS Zaandam,NA,9,2,0,7
2020-08-16,Diamond Princess,NA,712,13,651,48
2020-08-16,Kosovo,NA,11275,390,6961,3924
2020-08-16,MS Zaandam,NA,9,2,0,7
2020-08-17,Diamond Princess,NA,712,13,651,48
2020-08-17,Kosovo,NA,11275,390,6961,3924
2020-08-17,MS Zaandam,NA,9,2,0,7
2020-08-18,Diamond Princess,NA,712,13,651,48
2020-08-18,Kosovo,NA,11545,390,7343,3812
2020-08-18,MS Zaandam,NA,9,2,0,7
2020-08-19,Diamond Princess,NA,712,13,651,48
2020-08-19,Kosovo,NA,11545,390,7343,3812
2020-08-19,MS Zaandam,NA,9,2,0,7
2020-08-20,Diamond Princess,NA,712,13,651,48
2020-08-20,Kosovo,NA,11545,390,7343,3812
2020-08-20,MS Zaandam,NA,9,2,0,7
2020-08-21,Diamond Princess,NA,712,13,651,48
2020-08-21,Kosovo,NA,12168,448,8149,3571
2020-08-21,MS Zaandam,NA,9,2,0,7
2020-08-22,Diamond Princess,NA,712,13,651,48
2020-08-22,Kosovo,NA,12168,448,8149,3571
2020-08-22,MS Zaandam,NA,9,2,0,7
2020-08-23,Diamond Princess,NA,712,13,651,48
2020-08-23,Kosovo,NA,12448,467,8505,3476
2020-08-23,MS Zaandam,NA,9,2,0,7
2020-08-24,Diamond Princess,NA,712,13,651,48
2020-08-24,Kosovo,NA,12448,467,8505,3476
2020-08-24,MS Zaandam,NA,9,2,0,7
2020-08-25,Diamond Princess,NA,712,13,651,48
2020-08-25,Kosovo,NA,12683,488,8788,3407
2020-08-25,MS Zaandam,NA,9,2,0,7
2020-08-26,Diamond Princess,NA,712,13,651,48
2020-08-26,Kosovo,NA,12683,488,8788,3407
2020-08-26,MS Zaandam,NA,9,2,0,7
2020-08-27,Diamond Princess,NA,712,13,651,48
2020-08-27,Kosovo,NA,12683,488,8788,3407
2020-08-27,MS Zaandam,NA,9,2,0,7
2020-08-28,Diamond Princess,NA,712,13,651,48
2020-08-28,Kosovo,NA,12683,488,8788,3407
2020-08-28,MS Zaandam,NA,9,2,0,7
2020-08-29,Diamond Princess,NA,712,13,651,48
2020-08-29,Kosovo,NA,12683,488,8788,3407
2020-08-29,MS Zaandam,NA,9,2,0,7
2020-08-31,Diamond Princess,NA,712,13,651,48
2020-08-31,Kosovo,NA,12683,488,8788,3407
2020-08-31,MS Zaandam,NA,9,2,0,7
2020-09-01,Diamond Princess,NA,712,13,651,48
2020-09-01,Kosovo,NA,12683,488,8788,3407
2020-09-01,MS Zaandam,NA,9,2,0,7
2020-09-02,Diamond Princess,NA,712,13,651,48
2020-09-02,Kosovo,NA,12683,488,8788,3407
2020-09-02,MS Zaandam,NA,9,2,0,7
2020-09-03,Diamond Princess,NA,712,13,651,48
2020-09-03,Kosovo,NA,12683,488,8788,3407
2020-09-03,MS Zaandam,NA,9,2,0,7
2020-09-04,Diamond Princess,NA,712,13,651,48
2020-09-04,Kosovo,NA,12683,488,8788,3407
2020-09-04,MS Zaandam,NA,9,2,0,7
2020-09-05,Diamond Princess,NA,712,13,651,48
2020-09-05,Kosovo,NA,12683,488,8788,3407
2020-09-05,MS Zaandam,NA,9,2,0,7
2020-09-06,Diamond Princess,NA,712,13,651,48
2020-09-06,Kosovo,NA,12683,488,8788,3407
2020-09-06,MS Zaandam,NA,9,2,0,7
2020-09-07,Diamond Princess,NA,712,13,651,48
2020-09-07,Kosovo,NA,12683,488,8788,3407
2020-09-07,MS Zaandam,NA,9,2,0,7
2020-09-08,Diamond Princess,NA,712,13,651,48
2020-09-08,Kosovo,NA,12683,488,8788,3407
2020-09-08,MS Zaandam,NA,9,2,0,7
2020-09-09,Diamond Princess,NA,712,13,651,48
2020-09-09,Kosovo,NA,12683,488,8788,3407
2020-09-09,MS Zaandam,NA,9,2,0,7
2020-09-10,Diamond Princess,NA,712,13,651,48
2020-09-10,Kosovo,NA,12683,488,8788,3407
2020-09-10,MS Zaandam,NA,9,2,0,7
2020-09-11,Diamond Princess,NA,712,13,651,48
2020-09-11,Kosovo,NA,12683,488,8788,3407
2020-09-11,MS Zaandam,NA,9,2,0,7
2020-09-12,Diamond Princess,NA,712,13,651,48
2020-09-12,Kosovo,NA,12683,488,8788,3407
2020-09-12,MS Zaandam,NA,9,2,0,7
2020-09-13,Diamond Princess,NA,712,13,651,48
2020-09-13,Kosovo,NA,12683,488,8788,3407
2020-09-13,MS Zaandam,NA,9,2,0,7
2020-09-14,Diamond Princess,NA,712,13,651,48
2020-09-14,Kosovo,NA,12683,488,8788,3407
2020-09-14,MS Zaandam,NA,9,2,0,7
2020-09-16,Diamond Princess,NA,712,13,651,48
2020-09-16,Kosovo,NA,12683,488,8788,3407
2020-09-16,MS Zaandam,NA,9,2,0,7
2020-09-17,Diamond Princess,NA,712,13,651,48
2020-09-17,Kosovo,NA,12683,488,8788,3407
2020-09-17,MS Zaandam,NA,9,2,0,7
2020-09-18,Diamond Princess,NA,712,13,651,48
2020-09-18,Kosovo,NA,12683,488,8788,3407
2020-09-18,MS Zaandam,NA,9,2,0,7
2020-09-19,Diamond Princess,NA,712,13,651,48
2020-09-19,Kosovo,NA,12683,488,8788,3407
2020-09-19,MS Zaandam,NA,9,2,0,7
2020-09-20,Diamond Princess,NA,712,13,651,48
2020-09-20,Kosovo,NA,12683,488,8788,3407
2020-09-20,MS Zaandam,NA,9,2,0,7
2020-09-21,Diamond Princess,NA,712,13,651,48
2020-09-21,Kosovo,NA,12683,488,8788,3407
2020-09-21,MS Zaandam,NA,9,2,0,7
2020-09-22,Diamond Princess,NA,712,13,651,48
2020-09-22,Kosovo,NA,12683,488,8788,3407
2020-09-22,MS Zaandam,NA,9,2,0,7
2020-09-23,Diamond Princess,NA,712,13,651,48
2020-09-23,Kosovo,NA,12683,488,8788,3407
2020-09-23,MS Zaandam,NA,9,2,0,7
2020-09-24,Diamond Princess,NA,712,13,651,48
2020-09-24,Kosovo,NA,12683,488,8788,3407
2020-09-24,MS Zaandam,NA,9,2,0,7
2020-09-25,Diamond Princess,NA,712,13,651,48
2020-09-25,Kosovo,NA,12683,488,8788,3407
2020-09-25,MS Zaandam,NA,9,2,0,7
2020-09-26,Diamond Princess,NA,712,13,651,48
2020-09-26,Kosovo,NA,12683,488,8788,3407
2020-09-26,MS Zaandam,NA,9,2,0,7
2020-09-27,Diamond Princess,NA,712,13,651,48
2020-09-27,Kosovo,NA,12683,488,8788,3407
2020-09-27,MS Zaandam,NA,9,2,0,7
2020-09-29,Diamond Princess,NA,712,13,651,48
2020-09-29,Kosovo,NA,12683,488,8788,3407
2020-09-29,MS Zaandam,NA,9,2,0,7
2020-09-30,Diamond Princess,NA,712,13,651,48
2020-09-30,Kosovo,NA,12683,488,8788,3407
2020-09-30,MS Zaandam,NA,9,2,0,7
2020-10-01,Diamond Princess,NA,712,13,651,48
2020-10-01,Kosovo,NA,12683,488,8788,3407
2020-10-01,MS Zaandam,NA,9,2,0,7
2020-10-02,Diamond Princess,NA,712,13,651,48
2020-10-02,Kosovo,NA,12683,488,8788,3407
2020-10-02,MS Zaandam,NA,9,2,0,7
2020-10-03,Diamond Princess,NA,712,13,651,48
2020-10-03,Kosovo,NA,12683,488,8788,3407
2020-10-03,MS Zaandam,NA,9,2,0,7
2020-10-04,Diamond Princess,NA,712,13,651,48
2020-10-04,Kosovo,NA,12683,488,8788,3407
2020-10-04,MS Zaandam,NA,9,2,0,7
2020-10-05,Diamond Princess,NA,712,13,651,48
2020-10-05,Kosovo,NA,12683,488,8788,3407
2020-10-05,MS Zaandam,NA,9,2,0,7
2020-10-06,Diamond Princess,NA,712,13,651,48
2020-10-06,Kosovo,NA,12683,488,8788,3407
2020-10-06,MS Zaandam,NA,9,2,0,7
2020-10-07,Diamond Princess,NA,712,13,651,48
2020-10-07,Kosovo,NA,15938,638,14143,1157
2020-10-07,MS Zaandam,NA,9,2,0,7
2020-10-08,Diamond Princess,NA,712,13,651,48
2020-10-08,Kosovo,NA,15938,638,14143,1157
2020-10-08,MS Zaandam,NA,9,2,0,7
2020-10-09,Diamond Princess,NA,712,13,651,48
2020-10-09,Kosovo,NA,15971,638,14189,1144
2020-10-09,MS Zaandam,NA,9,2,0,7
2020-10-10,Diamond Princess,NA,712,13,659,40
2020-10-10,Kosovo,NA,16130,645,14282,1203
2020-10-10,MS Zaandam,NA,9,2,0,7
2020-10-11,Diamond Princess,NA,712,13,659,40
2020-10-11,Kosovo,NA,16179,647,14335,1197
2020-10-11,MS Zaandam,NA,9,2,0,7
2020-10-12,Diamond Princess,NA,712,13,659,40
2020-10-12,Kosovo,NA,16247,648,14368,1231
2020-10-12,MS Zaandam,NA,9,2,0,7
2020-10-13,Diamond Princess,NA,712,13,659,40
2020-10-13,Kosovo,NA,16345,649,14405,1291
2020-10-13,MS Zaandam,NA,9,2,0,7
2020-10-14,Diamond Princess,NA,712,13,659,40
2020-10-14,Kosovo,NA,16425,650,14455,1320
2020-10-14,MS Zaandam,NA,9,2,0,7
2020-10-15,Diamond Princess,NA,712,13,659,40
2020-10-15,Kosovo,NA,16502,650,14514,1338
2020-10-15,MS Zaandam,NA,9,2,0,7
2020-10-16,Diamond Princess,NA,712,13,659,40
2020-10-16,Kosovo,NA,16606,652,14556,1398
2020-10-16,MS Zaandam,NA,9,2,0,7
2020-10-17,Diamond Princess,NA,712,13,659,40
2020-10-17,Kosovo,NA,16606,652,14556,1398
2020-10-17,MS Zaandam,NA,9,2,0,7
2020-10-18,Diamond Princess,NA,712,13,659,40
2020-10-18,Kosovo,NA,16891,653,14661,1577
2020-10-18,MS Zaandam,NA,9,2,0,7
2020-10-19,Diamond Princess,NA,712,13,659,40
2020-10-19,Kosovo,NA,17009,656,14711,1642
2020-10-19,MS Zaandam,NA,9,2,0,7
2020-10-20,Diamond Princess,NA,712,13,659,40
2020-10-20,Kosovo,NA,17139,656,14711,1642
2020-10-20,MS Zaandam,NA,9,2,0,7
2020-10-21,Diamond Princess,NA,712,13,659,40
2020-10-21,Kosovo,NA,17263,657,14831,1775
2020-10-21,MS Zaandam,NA,9,2,0,7
2020-10-22,Diamond Princess,NA,712,13,659,40
2020-10-22,Kosovo,NA,17263,657,14831,1775
2020-10-22,MS Zaandam,NA,9,2,0,7
2020-10-23,Diamond Princess,NA,712,13,659,40
2020-10-23,Kosovo,NA,17263,657,14831,1775
2020-10-23,MS Zaandam,NA,9,2,0,7
2020-10-24,Diamond Princess,NA,712,13,659,40
2020-10-24,Kosovo,NA,17263,657,14831,1775
2020-10-24,MS Zaandam,NA,9,2,0,7
2020-10-25,Diamond Princess,NA,712,13,659,40
2020-10-25,Kosovo,NA,17263,657,14831,1775
2020-10-25,MS Zaandam,NA,9,2,0,7
2020-10-26,Diamond Princess,NA,712,13,659,40
2020-10-26,Kosovo,NA,17943,663,15083,2197
2020-10-26,MS Zaandam,NA,9,2,0,7
2020-10-27,Diamond Princess,NA,712,13,659,40
2020-10-27,Kosovo,NA,17943,663,15083,2197
2020-10-27,MS Zaandam,NA,9,2,0,7
2020-10-28,Diamond Princess,NA,712,13,659,40
2020-10-28,Kosovo,NA,18626,673,15290,2663
2020-10-28,MS Zaandam,NA,9,2,0,7
2020-10-29,Diamond Princess,NA,712,13,659,40
2020-10-29,Kosovo,NA,18626,673,15290,2663
2020-10-29,MS Zaandam,NA,9,2,0,7
2020-10-30,Diamond Princess,NA,712,13,659,40
2020-10-30,Kosovo,NA,19328,678,15429,3221
2020-10-30,MS Zaandam,NA,9,2,0,7
2020-10-31,Diamond Princess,NA,712,13,659,40
2020-10-31,Kosovo,NA,19328,678,15429,3221
2020-10-31,MS Zaandam,NA,9,2,0,7
2020-11-01,Diamond Princess,NA,712,13,659,40
2020-11-01,Kosovo,NA,19328,678,15429,3221
2020-11-01,MS Zaandam,NA,9,2,0,7
2020-11-02,Diamond Princess,NA,712,13,659,40
2020-11-02,Kosovo,NA,20179,688,15611,3880
2020-11-02,MS Zaandam,NA,9,2,0,7
2020-11-03,Diamond Princess,NA,712,13,659,40
2020-11-03,Kosovo,NA,20999,705,15722,4572
2020-11-03,MS Zaandam,NA,9,2,0,7
2020-11-03,NA,NA,0,0,0,0
